<?xml version="1.0" encoding="UTF-8"?>
<!DOCTYPE beans PUBLIC "-//SPRING/DTD BEAN/EN" "http://www.springframework.org/dtd/spring-beans.dtd">

<beans>
  <bean id="dataSource" class="org.springframework.jndi.JndiObjectFactoryBean">
		<property name="resourceRef" value="true" />
		<property name="jndiName" value="jdbc/Team2" />
		<property name="lookupOnStartup" value="true" />
	</bean>

	<bean id="transactionManager" class="org.springframework.jdbc.datasource.DataSourceTransactionManager"> 
        <property name="dataSource"> 
            <ref bean="dataSource"/> 
        </property>
    </bean>
  
	<bean id="taskDAOTarget1" class="com.pennanttech.Team2.Login.LoginDAOImpl">
		<property name="dataSource" ref="dataSource" />
	</bean>
	
	
	<bean id="Login" class="org.springframework.transaction.interceptor.TransactionProxyFactoryBean"> 
        <property name="transactionManager"> 
            <ref bean="transactionManager"/> 
        </property> 
        <property name="target"> 
            <ref bean="taskDAOTarget1"/> 
        </property> 
        <property name="transactionAttributes"> 
            <props> 
                <prop key="insert*">PROPAGATION_REQUIRED, ISOLATION_READ_COMMITTED</prop>
                <prop key="update*">PROPAGATION_REQUIRED, ISOLATION_READ_COMMITTED</prop> 
                <prop key="delete*">PROPAGATION_REQUIRED, ISOLATION_READ_COMMITTED</prop>
                <prop key="find*">PROPAGATION_REQUIRED, ISOLATION_READ_COMMITTED, readOnly</prop> 
            </props> 
        </property>
    </bean> 
    <bean id="taskDAOTarget2" class="com.pennanttech.Team2.User.UserPagesDAOImpl">
		<property name="dataSource" ref="dataSource" />
	</bean>
	
	
	<bean id="UserDAO" class="org.springframework.transaction.interceptor.TransactionProxyFactoryBean"> 
        <property name="transactionManager"> 
            <ref bean="transactionManager"/> 
        </property> 
        <property name="target"> 
            <ref bean="taskDAOTarget2"/> 
        </property> 
        <property name="transactionAttributes"> 
            <props> 
                <prop key="insert*">PROPAGATION_REQUIRED, ISOLATION_READ_COMMITTED</prop>
                <prop key="update*">PROPAGATION_REQUIRED, ISOLATION_READ_COMMITTED</prop> 
                <prop key="delete*">PROPAGATION_REQUIRED, ISOLATION_READ_COMMITTED</prop>
                <prop key="find*">PROPAGATION_REQUIRED, ISOLATION_READ_COMMITTED, readOnly</prop> 
            </props> 
        </property>
    </bean> 
    
    
      <bean id="taskDAOTarget3" class="com.pennanttech.Team2.Empr.EmprDAOImpl">
		<property name="dataSource" ref="dataSource" />
	</bean>
	
	
	<bean id="Empr" class="org.springframework.transaction.interceptor.TransactionProxyFactoryBean"> 
        <property name="transactionManager"> 
            <ref bean="transactionManager"/> 
        </property> 
        <property name="target"> 
            <ref bean="taskDAOTarget3"/> 
        </property> 
        <property name="transactionAttributes"> 
            <props> 
                <prop key="insert*">PROPAGATION_REQUIRED, ISOLATION_READ_COMMITTED</prop>
                <prop key="update*">PROPAGATION_REQUIRED, ISOLATION_READ_COMMITTED</prop> 
                <prop key="delete*">PROPAGATION_REQUIRED, ISOLATION_READ_COMMITTED</prop>
                <prop key="find*">PROPAGATION_REQUIRED, ISOLATION_READ_COMMITTED, readOnly</prop> 
            </props> 
        </property>
    </bean> 
	
    
    
    

</beans>